<?xml version='1.0'?>
<home version='7400' exportFlags='17' name='bio20250626.sh3d' camera='topCamera' wallHeight='250.0'>
  <environment groundColor='FF393839' skyColor='FF393839' lightColor='00D2D2D2'/>
  <observerCamera attribute='observerCamera' lens='PINHOLE' x='12.411182' y='-8.920044' z='170.0' yaw='5.627776' pitch='0.24135028' fieldOfView='1.0995575' time='1750680000000'/>
  <camera attribute='topCamera' lens='PINHOLE' x='210.10637' y='1230.6887' z='200.0' yaw='-3.0437534' pitch='0.0' fieldOfView='1.0995575' time='1750680000000'/>
  <doorOrWindow catalogId='eTeks#door' name='門' creator='eTeks' model='1' x='448.03717' y='63.476856' angle='4.712389' width='87.76978' depth='9.342846' height='200.0' modelMirrored='true' modelSize='14086' movable='false' cutOutShape='M0,0 v1 h1 v-1 z' wallCutOutOnBothSides='true'>
    <material name='white'>
      <texture name='牆面_右牆270x400cm' width='269.99274' height='350.0' image='2'/>
    </material>
    <material name='yellowbrt' color='FF9C9C9C'/>
    <transformation name='sweethome3d_hinge_1' matrix='0.9997448 0 0.014320111 -5.13012E-4 0 1 0 0 -0.03563872 0 0.9997448 -0.01464024'/>
  </doorOrWindow>
  <pieceOfFurniture catalogId='eTeks#texturableBox' name='左樑' creator='eTeks' model='4/texturableBox.obj' x='151.87038' y='279.29364' elevation='350.0' width='5.0' depth='550.0' height='50.0' modelSize='1661'>
    <material name='left'>
      <texture name='牆面-08' width='549.57697' height='50.0' image='5'/>
    </material>
  </pieceOfFurniture>
  <pieceOfFurniture catalogId='eTeks#texturableBox' name='右樑' creator='eTeks' model='4/texturableBox.obj' x='447.12964' y='279.3' elevation='350.0' width='5.0' depth='550.0' height='50.0' modelSize='1661'>
    <material name='right'>
      <texture name='牆面-10' width='549.57697' height='50.0' image='6'/>
    </material>
  </pieceOfFurniture>
  <pieceOfFurniture catalogId='eTeks#texturableBox' name='左樑' creator='eTeks' model='4/texturableBox.obj' x='76.74074' y='1.9194685' elevation='350.0' angle='4.712389' width='5.0' depth='150.0' height='50.0' modelSize='1661'>
    <material name='left'>
      <texture name='牆面-09' width='149.9154' height='50.0' image='7'/>
    </material>
  </pieceOfFurniture>
  <pieceOfFurniture catalogId='eTeks#texturableBox' name='左樑' creator='eTeks' model='4/texturableBox.obj' x='525.77783' y='1.7712971' elevation='350.0' angle='4.712389' width='5.0' depth='150.0' height='50.0' modelSize='1661'>
    <material name='left'>
      <texture name='牆面-09' width='149.9154' height='50.0' image='7'/>
    </material>
  </pieceOfFurniture>
  <pieceOfFurniture catalogId='eTeks#texturableBox' name='正面櫃台' creator='eTeks' model='4/texturableBox.obj' x='348.16672' y='539.264' width='200.0' depth='50.0' height='100.0' modelSize='1661'>
    <material name='back'>
      <texture name='廠商自行貼皮_櫃台背面' width='200.0' height='100.0' image='8'/>
    </material>
    <material name='front'>
      <texture name='廠商自行貼皮_櫃台正面' width='200.0' height='100.0' image='9'/>
    </material>
    <material name='left'>
      <texture name='廠商自行貼皮_櫃台側面' width='50.04234' height='100.0' image='10'/>
    </material>
    <material name='right'>
      <texture name='廠商自行貼皮_櫃台側面' width='50.04234' height='100.0' image='10'/>
    </material>
  </pieceOfFurniture>
  <pieceOfFurniture catalogId='eTeks#texturableBox' name='盒子' creator='eTeks' model='4/texturableBox.obj' x='573.5' y='54.226845' width='50.0' depth='100.0' height='100.0' modelSize='1661'>
    <material name='left' shininess='0.5078125'/>
    <material name='right'>
      <texture name='廠商自行貼皮_結帳檯正面' width='100.0' height='100.0' image='11'/>
    </material>
  </pieceOfFurniture>
  <pieceOfFurniture name='Kitchen-Stool1a' model='13/Kitchen-Stool1.obj' x='514.6817' y='56.27363' angle='4.712389' width='45.3634' depth='45.8806' height='87.4743' color='FFFFFFFF' modelRotation='-1 0 0 0 1 0 0 0 -1' modelSize='3378210'/>
  <furnitureGroup name='正面' x='299.72308' y='558.7804' width='300.10934' depth='17.875366' height='400.0' movable='false'>
    <pieceOfFurniture name='front_ready' model='15/front.obj' x='299.66754' y='552.3427' width='299.99823' depth='5.0' height='400.0' modelRotation='-1 0 0 0 0 1 0 1 0' modelSize='1138'>
      <texture name='393881072_98e071a1-ab0e-4f88-9e0d-bf01882f4f6d' width='300.0' height='300.0' image='16'/>
    </pieceOfFurniture>
    <pieceOfFurniture name='door_frame' model='18/door_frame/door_frame.obj' x='299.77777' y='566.2181' width='300.0' depth='3.0' height='319.043' backFaceShown='true' color='FFFFFFFF' shininess='0.5' modelRotation='-1 0 0 0 0 1 0 1 0' modelSize='1924'/>
    <pieceOfFurniture catalogId='eTeks#texturableBox' name='盒子' creator='eTeks' model='4/texturableBox.obj' x='297.35187' y='558.6343' elevation='337.0' width='151.397' depth='2.0' height='54.351' modelSize='1661'>
      <material name='back' color='00000000'/>
      <material name='bottom' color='00000000'/>
      <material name='front'>
        <texture name='logo_top' width='151.397' height='54.221252' image='19'/>
      </material>
      <material name='left' color='00000000'/>
      <material name='right' color='00000000'/>
      <material name='top' color='00000000'/>
    </pieceOfFurniture>
    <doorOrWindow name='logo_top' model='21/logo_top/logo_top.obj' x='297.6244' y='556.55707' elevation='337.11' width='151.397' depth='1.0583454' height='54.35274' color='FFFFFFFF' modelRotation='1 0 0 0 0 1 0 -1 0' modelSize='281597' movable='false' wallCutOutOnBothSides='true'/>
  </furnitureGroup>
  <pieceOfFurniture catalogId='eTeks#roundTable' name='圓桌' creator='eTeks' model='23' x='299.33325' y='296.5602' width='80.0' depth='80.0' height='74.0' color='FFF0F0F0' modelSize='8110'/>
  <pieceOfFurniture catalogId='eTeks#chair2' name='椅子' creator='eTeks' model='25' x='364.28326' y='295.84357' angle='1.5707964' width='48.600002' depth='49.9' height='80.0' color='FFF0F0F0' modelSize='16429'/>
  <pieceOfFurniture catalogId='eTeks#roundTable' name='圓桌' creator='eTeks' model='23' x='492.66656' y='209.89355' width='80.0' depth='80.0' height='74.0' color='FFF0F0F0' modelSize='8110'/>
  <pieceOfFurniture catalogId='eTeks#roundTable' name='圓桌' creator='eTeks' model='23' x='109.99988' y='223.2269' width='80.0' depth='80.0' height='74.0' color='FFF0F0F0' modelSize='8110'/>
  <pieceOfFurniture catalogId='eTeks#chair2' name='椅子' creator='eTeks' model='25' x='563.2998' y='210.51022' angle='1.5707964' width='48.600002' depth='49.9' height='80.0' color='FFF0F0F0' modelSize='16429'/>
  <pieceOfFurniture catalogId='eTeks#chair2' name='椅子' creator='eTeks' model='25' x='181.96643' y='219.84357' angle='1.5707964' width='48.600002' depth='49.9' height='80.0' color='FFF0F0F0' modelSize='16429'/>
  <pieceOfFurniture catalogId='eTeks#chair2' name='椅子' creator='eTeks' model='25' x='45.049873' y='221.17688' angle='4.712389' width='48.600002' depth='49.9' height='80.0' color='FFF0F0F0' modelSize='16429'/>
  <pieceOfFurniture catalogId='eTeks#chair2' name='椅子' creator='eTeks' model='25' x='234.38326' y='297.1769' angle='4.712389' width='48.600002' depth='49.9' height='80.0' color='FFF0F0F0' modelSize='16429'/>
  <pieceOfFurniture catalogId='eTeks#chair2' name='椅子' creator='eTeks' model='25' x='420.63312' y='211.84357' angle='4.712389' width='48.600002' depth='49.9' height='80.0' color='FFF0F0F0' modelSize='16429'/>
  <pieceOfFurniture catalogId='eTeks#chair2' name='椅子' creator='eTeks' model='25' x='497.96643' y='274.84357' angle='3.1415927' width='48.600002' depth='49.9' height='80.0' color='FFF0F0F0' modelSize='16429'/>
  <pieceOfFurniture catalogId='eTeks#chair2' name='椅子' creator='eTeks' model='25' x='299.2998' y='361.51022' angle='3.1415927' width='48.600002' depth='49.9' height='80.0' color='FFF0F0F0' modelSize='16429'/>
  <pieceOfFurniture catalogId='eTeks#chair2' name='椅子' creator='eTeks' model='25' x='111.29974' y='288.1769' angle='3.1415927' width='48.600002' depth='49.9' height='80.0' color='FFF0F0F0' modelSize='16429'/>
  <pieceOfFurniture catalogId='eTeks#texturableBox' name='傳銷桌' creator='eTeks' model='4/texturableBox.obj' x='52.296844' y='423.87497' elevation='10.0' width='100.0' depth='150.0' height='90.0' modelSize='1661'>
    <material name='back'>
      <texture name='393881072_98e071a1-ab0e-4f88-9e0d-bf01882f4f6d' width='300.0' height='300.0' image='16'/>
    </material>
    <material name='front'>
      <texture name='393881072_98e071a1-ab0e-4f88-9e0d-bf01882f4f6d' width='300.0' height='300.0' image='16'/>
    </material>
    <material name='left'>
      <texture name='393881072_98e071a1-ab0e-4f88-9e0d-bf01882f4f6d' width='300.0' height='300.0' image='16'/>
    </material>
    <material name='right'>
      <texture name='393881072_98e071a1-ab0e-4f88-9e0d-bf01882f4f6d' width='300.0' height='300.0' image='16'/>
    </material>
  </pieceOfFurniture>
  <pieceOfFurniture catalogId='eTeks#texturableBox' name='傳銷桌-踢腳板' creator='eTeks' model='4/texturableBox.obj' x='52.296844' y='422.5416' width='100.0' depth='150.0' height='10.0' color='FFFFFFFF' modelSize='1661'/>
  <pieceOfFurniture catalogId='eTeks#frame' name='傳銷-外-相框' creator='eTeks' model='27/frame.obj' x='50.666546' y='423.89496' elevation='110.0' angle='1.5707964' width='150.0' depth='2.0' height='40.0' modelSize='3155'>
    <material name='Back' color='FFFFFFFF'/>
    <material name='Frame' color='FFFFFFFF'/>
    <material name='Mirror' color='FF247F00'/>
    <material name='Picture' shininess='0.5546875'>
      <texture name='牆面_左立桌廣告150x40cm' width='150.1695' height='40.0' image='28'/>
    </material>
  </pieceOfFurniture>
  <pieceOfFurniture catalogId='eTeks#frame' name='傳銷-內-相框' creator='eTeks' model='27/frame.obj' x='52.666557' y='423.99377' elevation='110.0' angle='4.712389' width='150.0' depth='2.0' height='40.0' modelSize='3155'>
    <material name='Back' color='FFFFFFFF'/>
    <material name='Frame' color='FFFFFFFF'/>
    <material name='Mirror' color='FF247F00'/>
    <material name='Picture' shininess='0.5546875'>
      <texture name='牆面_左立桌廣告150x50cm' width='149.9154' height='50.0' image='29'/>
    </material>
  </pieceOfFurniture>
  <pieceOfFurniture catalogId='eTeks#texturableBox' name='生技桌' creator='eTeks' model='4/texturableBox.obj' x='551.9841' y='423.9902' elevation='10.0' width='100.0' depth='150.0' height='90.0' modelSize='1661'>
    <material name='back'>
      <texture name='393881072_98e071a1-ab0e-4f88-9e0d-bf01882f4f6d' width='300.0' height='300.0' image='16'/>
    </material>
    <material name='front'>
      <texture name='393881072_98e071a1-ab0e-4f88-9e0d-bf01882f4f6d' width='300.0' height='300.0' image='16'/>
    </material>
    <material name='left'>
      <texture name='393881072_98e071a1-ab0e-4f88-9e0d-bf01882f4f6d' width='300.0' height='300.0' image='16'/>
    </material>
    <material name='right'>
      <texture name='393881072_98e071a1-ab0e-4f88-9e0d-bf01882f4f6d' width='300.0' height='300.0' image='16'/>
    </material>
  </pieceOfFurniture>
  <pieceOfFurniture catalogId='eTeks#texturableBox' name='生技桌-踢腳板' creator='eTeks' model='4/texturableBox.obj' x='551.98395' y='423.9902' width='100.0' depth='150.0' height='10.0' color='FFFFFFFF' modelSize='1661'/>
  <pieceOfFurniture catalogId='eTeks#frame' name='生技-內-相框' creator='eTeks' model='27/frame.obj' x='551.67053' y='424.2406' elevation='110.0' angle='1.5707964' width='150.0' depth='2.0' height='40.0' modelSize='3155'>
    <material name='Back' color='FFFFFFFF'/>
    <material name='Frame' color='FFFFFFFF'/>
    <material name='Mirror' color='FF247F00'/>
    <material name='Picture' shininess='0.5546875'>
      <texture name='牆面_右立桌廣告150x40cm' width='150.1695' height='40.0' image='30'/>
    </material>
  </pieceOfFurniture>
  <pieceOfFurniture catalogId='eTeks#frame' name='生技-外-相框' creator='eTeks' model='27/frame.obj' x='553.67053' y='424.27362' elevation='110.0' angle='4.712389' width='150.0' depth='2.0' height='40.0' modelSize='3155'>
    <material name='Back' color='FFFFFFFF'/>
    <material name='Frame' color='FFFFFFFF'/>
    <material name='Mirror' color='FF247F00'/>
    <material name='Picture' shininess='0.5546875'>
      <texture name='牆面_右立桌廣告150x40cm' width='150.1695' height='40.0' image='30'/>
    </material>
  </pieceOfFurniture>
  <pieceOfFurniture name='boyStanding' model='32/boyStanding.obj' x='520.5219' y='52.659576' angle='4.712389' width='65.04379' depth='35.532146' height='185.0' modelSize='1683266'>
    <material name='RL_Lower.002' color='FF393839'/>
    <material name='RL_Skin.002' shininess='0.203125'/>
    <material name='RL_Upper.002' color='FFE24A00'/>
  </pieceOfFurniture>
  <pieceOfFurniture name='girlStanding' model='34/girlStanding.obj' x='346.36096' y='498.12018' width='42.05517' depth='32.287598' height='160.0' modelSize='1226629'>
    <material name='RL_Upper.001' color='FFE24A00'/>
  </pieceOfFurniture>
  <pieceOfFurniture catalogId='eTeks#texturableBox' name='盒子' creator='eTeks' model='4/texturableBox.obj' x='51.574066' y='354.87302' elevation='100.0' width='4.0' depth='10.0' height='10.0' modelSize='1661'/>
  <pieceOfFurniture catalogId='eTeks#texturableBox' name='盒子' creator='eTeks' model='4/texturableBox.obj' x='52.611115' y='492.20633' elevation='100.0' width='4.0' depth='10.0' height='10.0' modelSize='1661'/>
  <pieceOfFurniture catalogId='eTeks#texturableBox' name='盒子' creator='eTeks' model='4/texturableBox.obj' x='555.5741' y='493.2433' elevation='100.0' width='4.0' depth='10.0' height='10.0' modelSize='1661'/>
  <pieceOfFurniture catalogId='eTeks#texturableBox' name='盒子' creator='eTeks' model='4/texturableBox.obj' x='554.537' y='355.91' elevation='100.0' width='4.0' depth='10.0' height='10.0' modelSize='1661'/>
  <pieceOfFurniture catalogId='eTeks#texturableBox' name='盒子' creator='eTeks' model='4/texturableBox.obj' x='300.90738' y='558.57666' elevation='307.0' width='8.0' depth='10.0' height='8.0' modelSize='1661'/>
  <pieceOfFurniture catalogId='eTeks#texturableBox' name='盒子' creator='eTeks' model='4/texturableBox.obj' x='154.98145' y='559.6137' elevation='210.0' width='8.0' depth='10.0' height='8.0' modelSize='1661'/>
  <pieceOfFurniture catalogId='eTeks#texturableBox' name='盒子' creator='eTeks' model='4/texturableBox.obj' x='445.20367' y='558.873' elevation='210.0' width='8.0' depth='10.0' height='8.0' modelSize='1661'/>
  <furnitureGroup name='電視組' x='213.77777' y='534.8427' width='100.0' depth='30.0' height='184.29999'>
    <pieceOfFurniture catalogId='eTeks#hood' name='吸煙機' creator='eTeks' model='36' x='214.38889' y='536.6089' width='40.0' depth='25.0' height='110.0' modelSize='10536'/>
    <pieceOfFurniture catalogId='eTeks#flatTV' name='平面電視' creator='eTeks' model='38' x='213.77777' y='534.8427' elevation='105.0' width='100.0' depth='29.999996' height='79.299995' modelSize='13041'>
      <material name='black' color='00000000'/>
      <material name='fldkgrey'>
        <texture name='TV' width='121.0' height='64.848434' image='39'/>
      </material>
    </pieceOfFurniture>
  </furnitureGroup>
  <wall id='wall-1190607d-4004-4d41-a3ec-d0282326ec02' wallAtStart='wall-5f404d7c-f531-4348-9a1a-92113457a87a' wallAtEnd='wall-079bf4ed-547f-41c8-a62a-502159a2adb1' xStart='151.3667' yStart='1.7268524' xEnd='151.52917' yEnd='121.719284' height='350.0' thickness='5.0' pattern='hatchUp' leftSideShininess='0.25' rightSideShininess='0.25'>
    <texture attribute='rightSideTexture' name='牆面_左牆270x400cm' width='269.99274' height='350.0' xOffset='0.46' image='40'/>
  </wall>
  <wall id='wall-079bf4ed-547f-41c8-a62a-502159a2adb1' wallAtStart='wall-1190607d-4004-4d41-a3ec-d0282326ec02' wallAtEnd='wall-21e36150-c5df-498b-9703-afde5c54f672' xStart='151.52917' yStart='121.719284' xEnd='448.56622' yEnd='121.719284' height='400.0' thickness='5.0' pattern='hatchUp' leftSideShininess='0.25' rightSideShininess='0.25'>
    <texture attribute='rightSideTexture' name='牆面_正面牆300x400cm' width='299.99997' height='400.0' image='41'/>
  </wall>
  <wall id='wall-21e36150-c5df-498b-9703-afde5c54f672' wallAtStart='wall-079bf4ed-547f-41c8-a62a-502159a2adb1' xStart='448.56622' yStart='121.719284' xEnd='447.95898' yEnd='1.7192849' height='350.0' thickness='5.0' pattern='hatchUp' leftSideShininess='0.25' rightSideShininess='0.25'>
    <texture attribute='rightSideTexture' name='牆面_右牆270x400cm' width='269.99274' height='350.0' image='2'/>
  </wall>
  <wall id='wall-43c81b92-f5a3-406f-a83c-18c3ee761740' xStart='450.77777' yStart='1.7268448' xEnd='600.5151' yEnd='1.7268448' height='350.0' thickness='5.0' pattern='hatchUp' rightSideShininess='0.25'>
    <texture attribute='rightSideTexture' name='牆面_右牆270x400cm' width='269.99274' height='350.0' xOffset='0.56' image='2'/>
  </wall>
  <wall id='wall-5f404d7c-f531-4348-9a1a-92113457a87a' wallAtStart='wall-1190607d-4004-4d41-a3ec-d0282326ec02' xStart='151.3667' yStart='1.7268524' xEnd='450.18152' yEnd='1.7268524' height='400.0' thickness='5.0' pattern='hatchUp' rightSideShininess='0.25'/>
  <wall id='wall-f1388c31-7a9d-4bf2-a924-7e8b270c843f' xStart='1.0370483' yStart='1.7268353' xEnd='150.77417' yEnd='1.7268353' height='350.0' thickness='5.0' pattern='hatchUp' rightSideShininess='0.25'>
    <texture attribute='rightSideTexture' name='牆面_左牆270x400cm' width='269.99274' height='350.0' image='40'/>
  </wall>
  <room id='room-4c5296ec-f6f9-4b5c-b013-b335786c023e' name='展場' areaVisible='true' floorColor='FF9C9C9C' ceilingVisible='false' ceilingFlat='true'>
    <point x='0.9814408' y='0.22685242'/>
    <point x='600.9815' y='0.22685242'/>
    <point x='600.9815' y='600.227'/>
    <point x='0.9814408' y='600.227'/>
  </room>
</home>